Date,Restaurant,Item,Quantity,Price_per_Item,Total_Price
2024-01-01,Burger Point,Pasta,4,377,1508
2024-01-02,Burger Point,Sandwich,10,295,2950
2024-01-03,Burger Point,Pizza,17,341,5797
2024-01-04,Burger Point,Sandwich,10,318,3180
2024-01-05,Burger Point,Sandwich,17,291,4947
2024-01-06,Burger Point,Fries,5,116,580
2024-01-07,Burger Point,Pizza,2,111,222
2024-01-08,Burger Point,Pizza,6,292,1752
2024-01-09,Burger Point,Pizza,2,121,242
2024-01-10,Burger Point,Sandwich,13,219,2847
2024-01-11,Burger Point,Pasta,11,309,3399
2024-01-12,Burger Point,Pizza,11,369,4059
2024-01-13,Burger Point,Sandwich,16,291,4656
2024-01-14,Burger Point,Fries,11,274,3014
2024-01-15,Burger Point,Pasta,19,384,7296
2024-01-16,Burger Point,Fries,15,303,4545
2024-01-17,Burger Point,Pasta,16,263,4208
2024-01-18,Burger Point,Sandwich,11,350,3850
2024-01-19,Burger Point,Burger,16,326,5216
2024-01-20,Burger Point,Pasta,8,106,848
2024-01-21,Burger Point,Fries,4,128,512
2024-01-22,Burger Point,Sandwich,8,132,1056
2024-01-23,Burger Point,Pasta,4,233,932
2024-01-24,Burger Point,Burger,3,178,534
2024-01-25,Burger Point,Burger,3,157,471
2024-01-26,Burger Point,Pizza,18,125,2250
2024-01-27,Burger Point,Pizza,19,325,6175
2024-01-28,Burger Point,Fries,19,384,7296
2024-01-29,Burger Point,Pasta,5,103,515
2024-01-30,Burger Point,Pasta,18,198,3564
2024-01-31,Burger Point,Pizza,10,138,1380
2024-02-01,Burger Point,Pasta,6,370,2220
2024-02-02,Burger Point,Pasta,1,384,384
2024-02-03,Burger Point,Burger,5,256,1280
2024-02-04,Burger Point,Pizza,9,174,1566
2024-02-05,Burger Point,Sandwich,12,387,4644
2024-02-06,Burger Point,Pizza,14,229,3206
2024-02-07,Burger Point,Sandwich,2,274,548
2024-02-08,Burger Point,Burger,17,183,3111
2024-02-09,Burger Point,Fries,14,121,1694
2024-02-10,Burger Point,Pasta,13,126,1638
2024-02-11,Burger Point,Burger,9,294,2646
2024-02-12,Burger Point,Pasta,15,335,5025
2024-02-13,Burger Point,Fries,15,191,2865
2024-02-14,Burger Point,Fries,11,120,1320
2024-02-15,Burger Point,Burger,16,183,2928
2024-02-16,Burger Point,Fries,17,361,6137
2024-02-17,Burger Point,Sandwich,4,246,984
2024-02-18,Burger Point,Fries,1,356,356
2024-02-19,Burger Point,Pasta,8,157,1256
2024-02-20,Burger Point,Pasta,17,114,1938
2024-02-21,Burger Point,Pasta,3,261,783
2024-02-22,Burger Point,Pasta,15,262,3930
2024-02-23,Burger Point,Sandwich,15,380,5700
2024-02-24,Burger Point,Pizza,14,379,5306
2024-02-25,Burger Point,Burger,14,111,1554
2024-02-26,Burger Point,Pasta,2,373,746
2024-02-27,Burger Point,Fries,13,370,4810
2024-02-28,Burger Point,Pasta,14,307,4298
2024-02-29,Burger Point,Fries,19,126,2394
2024-03-01,Burger Point,Fries,7,171,1197
2024-03-02,Burger Point,Pasta,3,159,477
2024-03-03,Burger Point,Sandwich,15,244,3660
2024-03-04,Burger Point,Fries,14,192,2688
2024-03-05,Burger Point,Fries,11,107,1177
2024-03-06,Burger Point,Pasta,15,178,2670
2024-03-07,Burger Point,Fries,13,126,1638
2024-03-08,Burger Point,Fries,18,273,4914
2024-03-09,Burger Point,Pasta,6,149,894
2024-03-10,Burger Point,Pasta,3,298,894
2024-03-11,Burger Point,Burger,19,280,5320
2024-03-12,Burger Point,Sandwich,15,123,1845
2024-03-13,Burger Point,Sandwich,5,145,725
2024-03-14,Burger Point,Fries,10,114,1140
2024-03-15,Burger Point,Sandwich,7,252,1764
2024-03-16,Burger Point,Fries,17,321,5457
2024-03-17,Burger Point,Burger,7,305,2135
2024-03-18,Burger Point,Pasta,12,372,4464
2024-03-19,Burger Point,Pasta,17,335,5695
2024-03-20,Burger Point,Pasta,13,327,4251
2024-03-21,Burger Point,Sandwich,4,108,432
2024-03-22,Burger Point,Burger,10,265,2650
2024-03-23,Burger Point,Sandwich,3,313,939
2024-03-24,Burger Point,Sandwich,9,216,1944
2024-03-25,Burger Point,Burger,13,171,2223
2024-03-26,Burger Point,Burger,18,163,2934
2024-03-27,Burger Point,Burger,15,304,4560
2024-03-28,Burger Point,Burger,4,308,1232
2024-03-29,Burger Point,Pasta,15,171,2565
2024-03-30,Burger Point,Pizza,2,376,752
2024-03-31,Burger Point,Pizza,15,373,5595
2024-04-01,Burger Point,Burger,8,194,1552
2024-04-02,Burger Point,Pizza,8,265,2120
2024-04-03,Burger Point,Pizza,17,131,2227
2024-04-04,Burger Point,Burger,12,110,1320
2024-04-05,Burger Point,Pizza,19,316,6004
2024-04-06,Burger Point,Sandwich,10,388,3880
2024-04-07,Burger Point,Fries,9,201,1809
2024-04-08,Burger Point,Fries,5,366,1830
2024-04-09,Burger Point,Burger,6,313,1878
2024-04-10,Burger Point,Pasta,2,278,556
2024-04-11,Burger Point,Burger,13,187,2431
2024-04-12,Burger Point,Pasta,6,140,840
2024-04-13,Burger Point,Fries,5,175,875
2024-04-14,Burger Point,Burger,1,145,145
2024-04-15,Burger Point,Sandwich,6,259,1554
2024-04-16,Burger Point,Pizza,6,179,1074
2024-04-17,Burger Point,Pasta,16,185,2960
2024-04-18,Burger Point,Pizza,4,191,764
2024-04-19,Burger Point,Pizza,11,247,2717
2024-04-20,Burger Point,Burger,9,260,2340
2024-04-21,Burger Point,Pizza,3,301,903
2024-04-22,Burger Point,Sandwich,19,341,6479
2024-04-23,Burger Point,Pizza,8,101,808
2024-04-24,Burger Point,Burger,5,324,1620
2024-04-25,Burger Point,Sandwich,4,388,1552
2024-04-26,Burger Point,Fries,6,332,1992
2024-04-27,Burger Point,Pizza,2,176,352
2024-04-28,Burger Point,Burger,11,215,2365
2024-04-29,Burger Point,Fries,4,253,1012
2024-04-30,Burger Point,Fries,15,202,3030
2024-05-01,Burger Point,Pasta,6,293,1758
2024-05-02,Burger Point,Sandwich,17,265,4505
2024-05-03,Burger Point,Pizza,6,189,1134
2024-05-04,Burger Point,Burger,19,273,5187
2024-05-05,Burger Point,Pasta,2,221,442
2024-05-06,Burger Point,Sandwich,15,242,3630
2024-05-07,Burger Point,Pasta,11,205,2255
2024-05-08,Burger Point,Sandwich,8,222,1776
2024-05-09,Burger Point,Sandwich,19,108,2052
2024-05-10,Burger Point,Pizza,13,361,4693
2024-05-11,Burger Point,Sandwich,12,172,2064
2024-05-12,Burger Point,Pasta,5,322,1610
2024-05-13,Burger Point,Sandwich,6,140,840
2024-05-14,Burger Point,Pizza,4,303,1212
2024-05-15,Burger Point,Pizza,19,363,6897
2024-05-16,Burger Point,Pasta,1,277,277
2024-05-17,Burger Point,Fries,17,183,3111
2024-05-18,Burger Point,Fries,12,210,2520
2024-05-19,Burger Point,Sandwich,15,350,5250
2024-05-20,Burger Point,Burger,1,106,106
2024-05-21,Burger Point,Sandwich,14,183,2562
2024-05-22,Burger Point,Pasta,6,307,1842
2024-05-23,Burger Point,Pasta,5,121,605
2024-05-24,Burger Point,Pasta,11,102,1122
2024-05-25,Burger Point,Pasta,4,226,904
2024-05-26,Burger Point,Pasta,13,396,5148
2024-05-27,Burger Point,Pizza,11,287,3157
2024-05-28,Burger Point,Fries,3,113,339
2024-05-29,Burger Point,Pasta,1,111,111
2024-05-30,Burger Point,Burger,6,186,1116
2024-05-31,Burger Point,Burger,18,111,1998
2024-06-01,Burger Point,Burger,10,124,1240
2024-06-02,Burger Point,Burger,5,342,1710
2024-06-03,Burger Point,Pizza,10,221,2210
2024-06-04,Burger Point,Burger,12,246,2952
2024-06-05,Burger Point,Pasta,2,154,308
2024-06-06,Burger Point,Sandwich,13,337,4381
2024-06-07,Burger Point,Burger,8,272,2176
2024-06-08,Burger Point,Pizza,2,320,640
2024-06-09,Burger Point,Pizza,1,218,218
2024-06-10,Burger Point,Burger,5,282,1410
2024-06-11,Burger Point,Sandwich,9,387,3483
2024-06-12,Burger Point,Burger,17,399,6783
2024-06-13,Burger Point,Pizza,9,181,1629
2024-06-14,Burger Point,Fries,11,310,3410
2024-06-15,Burger Point,Pasta,15,249,3735
2024-06-16,Burger Point,Pizza,6,136,816
2024-06-17,Burger Point,Burger,3,158,474
2024-06-18,Burger Point,Pasta,17,230,3910
2024-06-19,Burger Point,Burger,5,301,1505
2024-06-20,Burger Point,Burger,12,342,4104
2024-06-21,Burger Point,Fries,18,134,2412
2024-06-22,Burger Point,Pasta,14,192,2688
2024-06-23,Burger Point,Pasta,11,306,3366
2024-06-24,Burger Point,Fries,9,312,2808
2024-06-25,Burger Point,Pizza,2,258,516
2024-06-26,Burger Point,Burger,12,123,1476
2024-06-27,Burger Point,Sandwich,3,392,1176
2024-06-28,Burger Point,Burger,3,103,309
2024-06-29,Burger Point,Burger,1,319,319
2024-06-30,Burger Point,Pizza,8,119,952
2024-07-01,Burger Point,Burger,8,251,2008
2024-07-02,Burger Point,Fries,11,149,1639
2024-07-03,Burger Point,Fries,9,276,2484
2024-07-04,Burger Point,Pasta,5,195,975
2024-07-05,Burger Point,Sandwich,14,204,2856
2024-07-06,Burger Point,Burger,3,349,1047
2024-07-07,Burger Point,Burger,5,216,1080
2024-07-08,Burger Point,Pizza,5,327,1635
2024-07-09,Burger Point,Fries,19,165,3135
2024-07-10,Burger Point,Sandwich,14,361,5054
2024-07-11,Burger Point,Pasta,4,394,1576
2024-07-12,Burger Point,Fries,13,342,4446
2024-07-13,Burger Point,Pasta,10,285,2850
2024-07-14,Burger Point,Pizza,18,345,6210
2024-07-15,Burger Point,Pizza,8,224,1792
2024-07-16,Burger Point,Burger,8,367,2936
2024-07-17,Burger Point,Sandwich,7,230,1610
2024-07-18,Burger Point,Pasta,8,336,2688
2024-07-19,Burger Point,Fries,14,117,1638
2024-07-20,Burger Point,Pizza,19,139,2641
2024-07-21,Burger Point,Burger,6,120,720
2024-07-22,Burger Point,Burger,1,324,324
2024-07-23,Burger Point,Pasta,15,381,5715
2024-07-24,Burger Point,Pizza,1,107,107
2024-07-25,Burger Point,Sandwich,17,199,3383
2024-07-26,Burger Point,Pizza,1,339,339
2024-07-27,Burger Point,Pasta,15,186,2790
2024-07-28,Burger Point,Pasta,2,397,794
2024-07-29,Burger Point,Pizza,14,113,1582
2024-07-30,Burger Point,Pasta,8,101,808
2024-07-31,Burger Point,Pizza,8,392,3136
2024-08-01,Burger Point,Fries,19,140,2660
2024-08-02,Burger Point,Pizza,7,210,1470
2024-08-03,Burger Point,Pizza,19,113,2147
2024-08-04,Burger Point,Pasta,6,330,1980
2024-08-05,Burger Point,Pasta,6,183,1098
2024-08-06,Burger Point,Burger,3,229,687
2024-08-07,Burger Point,Burger,7,330,2310
2024-08-08,Burger Point,Fries,19,244,4636
2024-08-09,Burger Point,Burger,8,127,1016
2024-08-10,Burger Point,Pizza,10,165,1650
2024-08-11,Burger Point,Pasta,15,262,3930
2024-08-12,Burger Point,Burger,15,328,4920
2024-08-13,Burger Point,Burger,1,360,360
2024-08-14,Burger Point,Fries,7,263,1841
2024-08-15,Burger Point,Fries,4,386,1544
2024-08-16,Burger Point,Pizza,6,109,654
2024-08-17,Burger Point,Pasta,1,294,294
2024-08-18,Burger Point,Fries,5,217,1085
2024-08-19,Burger Point,Burger,1,369,369
2024-08-20,Burger Point,Pasta,4,179,716
2024-08-21,Burger Point,Pasta,2,192,384
2024-08-22,Burger Point,Burger,10,365,3650
2024-08-23,Burger Point,Fries,5,356,1780
2024-08-24,Burger Point,Burger,10,232,2320
2024-08-25,Burger Point,Pasta,1,375,375
2024-08-26,Burger Point,Sandwich,6,363,2178
2024-08-27,Burger Point,Sandwich,13,270,3510
2024-08-28,Burger Point,Pizza,15,100,1500
2024-08-29,Burger Point,Burger,4,163,652
2024-08-30,Burger Point,Burger,13,383,4979
2024-08-31,Burger Point,Pizza,15,220,3300
2024-09-01,Burger Point,Pizza,8,206,1648
2024-09-02,Burger Point,Pizza,5,274,1370
2024-09-03,Burger Point,Pasta,15,303,4545
2024-09-04,Burger Point,Burger,4,264,1056
2024-09-05,Burger Point,Pasta,12,219,2628
2024-09-06,Burger Point,Pizza,13,143,1859
2024-09-07,Burger Point,Burger,2,255,510
2024-09-08,Burger Point,Pasta,19,306,5814
2024-09-09,Burger Point,Pasta,19,207,3933
2024-09-10,Burger Point,Pizza,4,350,1400
2024-09-11,Burger Point,Burger,4,229,916
2024-09-12,Burger Point,Pizza,11,392,4312
2024-09-13,Burger Point,Burger,5,119,595
2024-09-14,Burger Point,Sandwich,11,381,4191
2024-09-15,Burger Point,Fries,10,384,3840
2024-09-16,Burger Point,Fries,8,100,800
2024-09-17,Burger Point,Fries,6,218,1308
2024-09-18,Burger Point,Pizza,6,134,804
2024-09-19,Burger Point,Sandwich,8,297,2376
2024-09-20,Burger Point,Burger,15,344,5160
2024-09-21,Burger Point,Pasta,14,158,2212
2024-09-22,Burger Point,Burger,11,260,2860
2024-09-23,Burger Point,Pasta,12,278,3336
2024-09-24,Burger Point,Burger,13,305,3965
2024-09-25,Burger Point,Sandwich,8,111,888
2024-09-26,Burger Point,Pasta,18,375,6750
2024-09-27,Burger Point,Pizza,1,280,280
2024-09-28,Burger Point,Burger,15,341,5115
2024-09-29,Burger Point,Burger,8,315,2520
2024-09-30,Burger Point,Pasta,11,350,3850
2024-10-01,Burger Point,Pizza,12,398,4776
2024-10-02,Burger Point,Pizza,12,225,2700
2024-10-03,Burger Point,Sandwich,4,316,1264
2024-10-04,Burger Point,Pizza,16,384,6144
2024-10-05,Burger Point,Pizza,4,284,1136
2024-10-06,Burger Point,Pizza,5,138,690
2024-10-07,Burger Point,Fries,5,322,1610
2024-10-08,Burger Point,Sandwich,8,283,2264
2024-10-09,Burger Point,Burger,10,277,2770
2024-10-10,Burger Point,Pasta,17,393,6681
2024-10-11,Burger Point,Burger,9,250,2250
2024-10-12,Burger Point,Sandwich,19,225,4275
2024-10-13,Burger Point,Pasta,14,333,4662
2024-10-14,Burger Point,Sandwich,8,107,856
2024-10-15,Burger Point,Pizza,9,228,2052
2024-10-16,Burger Point,Pasta,11,363,3993
2024-10-17,Burger Point,Pizza,1,256,256
2024-10-18,Burger Point,Burger,14,104,1456
2024-10-19,Burger Point,Burger,5,185,925
2024-10-20,Burger Point,Pasta,14,274,3836
2024-10-21,Burger Point,Pasta,4,389,1556
2024-10-22,Burger Point,Sandwich,1,292,292
2024-10-23,Burger Point,Sandwich,19,218,4142
2024-10-24,Burger Point,Pizza,8,317,2536
2024-10-25,Burger Point,Pasta,15,213,3195
2024-10-26,Burger Point,Burger,15,244,3660
2024-10-27,Burger Point,Sandwich,9,125,1125
2024-10-28,Burger Point,Sandwich,9,235,2115
2024-10-29,Burger Point,Burger,10,331,3310
2024-10-30,Burger Point,Sandwich,9,175,1575
2024-10-31,Burger Point,Pizza,3,388,1164
2024-11-01,Burger Point,Pasta,11,100,1100
2024-11-02,Burger Point,Burger,6,246,1476
2024-11-03,Burger Point,Pasta,2,386,772
2024-11-04,Burger Point,Sandwich,7,241,1687
2024-11-05,Burger Point,Sandwich,18,152,2736
2024-11-06,Burger Point,Burger,2,168,336
2024-11-07,Burger Point,Pizza,17,189,3213
2024-11-08,Burger Point,Fries,11,319,3509
2024-11-09,Burger Point,Burger,12,291,3492
2024-11-10,Burger Point,Fries,19,162,3078
2024-11-11,Burger Point,Fries,7,172,1204
2024-11-12,Burger Point,Pizza,6,260,1560
2024-11-13,Burger Point,Fries,1,268,268
2024-11-14,Burger Point,Fries,17,188,3196
2024-11-15,Burger Point,Pizza,11,275,3025
2024-11-16,Burger Point,Fries,18,368,6624
2024-11-17,Burger Point,Fries,17,172,2924
2024-11-18,Burger Point,Fries,7,344,2408
2024-11-19,Burger Point,Burger,17,176,2992
2024-11-20,Burger Point,Burger,9,258,2322
2024-11-21,Burger Point,Burger,17,197,3349
2024-11-22,Burger Point,Pizza,8,201,1608
2024-11-23,Burger Point,Sandwich,17,231,3927
2024-11-24,Burger Point,Fries,7,201,1407
2024-11-25,Burger Point,Fries,1,118,118
2024-11-26,Burger Point,Pizza,13,181,2353
2024-11-27,Burger Point,Fries,19,378,7182
2024-11-28,Burger Point,Burger,19,228,4332
2024-11-29,Burger Point,Sandwich,17,188,3196
2024-11-30,Burger Point,Pasta,13,312,4056
2024-12-01,Burger Point,Fries,16,242,3872
2024-12-02,Burger Point,Burger,8,164,1312
2024-12-03,Burger Point,Pasta,19,175,3325
2024-12-04,Burger Point,Sandwich,18,298,5364
2024-12-05,Burger Point,Pasta,1,242,242
2024-12-06,Burger Point,Burger,14,192,2688
2024-12-07,Burger Point,Pasta,19,323,6137
2024-12-08,Burger Point,Pizza,15,390,5850
2024-12-09,Burger Point,Pasta,18,201,3618
2024-12-10,Burger Point,Fries,2,366,732
2024-12-11,Burger Point,Fries,17,209,3553
2024-12-12,Burger Point,Pizza,18,364,6552
2024-12-13,Burger Point,Burger,6,102,612
2024-12-14,Burger Point,Fries,19,184,3496
2024-12-15,Burger Point,Sandwich,4,381,1524
2024-12-16,Burger Point,Fries,1,216,216
2024-12-17,Burger Point,Fries,8,320,2560
2024-12-18,Burger Point,Burger,7,253,1771
2024-12-19,Burger Point,Pasta,3,252,756
2024-12-20,Burger Point,Fries,10,111,1110
2024-12-21,Burger Point,Pizza,10,232,2320
2024-12-22,Burger Point,Pasta,19,392,7448
2024-12-23,Burger Point,Sandwich,14,399,5586
2024-12-24,Burger Point,Burger,2,327,654
2024-12-25,Burger Point,Sandwich,1,370,370
2024-12-26,Burger Point,Pasta,18,142,2556
2024-12-27,Burger Point,Pasta,7,120,840
2024-12-28,Burger Point,Pasta,8,206,1648
2024-12-29,Burger Point,Sandwich,1,216,216
2024-12-30,Burger Point,Pasta,3,223,669
2024-12-31,Burger Point,Sandwich,8,380,3040
2025-01-01,Burger Point,Pasta,15,391,5865
2025-01-02,Burger Point,Pizza,5,302,1510
2025-01-03,Burger Point,Pasta,3,150,450
2025-01-04,Burger Point,Sandwich,19,370,7030
2025-01-05,Burger Point,Fries,1,376,376
2025-01-06,Burger Point,Pasta,15,240,3600
2025-01-07,Burger Point,Fries,8,374,2992
2025-01-08,Burger Point,Pizza,2,389,778
2025-01-09,Burger Point,Burger,3,151,453
2025-01-10,Burger Point,Pizza,14,126,1764
2025-01-11,Burger Point,Pasta,14,256,3584
2025-01-12,Burger Point,Fries,11,338,3718
2025-01-13,Burger Point,Fries,16,255,4080
2025-01-14,Burger Point,Sandwich,4,390,1560
2025-01-15,Burger Point,Fries,5,235,1175
2025-01-16,Burger Point,Sandwich,14,243,3402
2025-01-17,Burger Point,Burger,16,205,3280
2025-01-18,Burger Point,Pasta,18,257,4626
2025-01-19,Burger Point,Sandwich,7,245,1715
2025-01-20,Burger Point,Burger,10,101,1010
2025-01-21,Burger Point,Fries,7,176,1232
2025-01-22,Burger Point,Fries,1,231,231
2025-01-23,Burger Point,Burger,19,189,3591
2025-01-24,Burger Point,Fries,16,362,5792
2025-01-25,Burger Point,Burger,19,207,3933
2025-01-26,Burger Point,Sandwich,4,173,692
2025-01-27,Burger Point,Sandwich,18,138,2484
2025-01-28,Burger Point,Burger,2,258,516
2025-01-29,Burger Point,Sandwich,1,170,170
2025-01-30,Burger Point,Sandwich,15,340,5100
2025-01-31,Burger Point,Sandwich,5,397,1985
2025-02-01,Burger Point,Pizza,11,135,1485
2025-02-02,Burger Point,Pasta,10,183,1830
2025-02-03,Burger Point,Fries,2,362,724
2025-02-04,Burger Point,Pizza,3,271,813
2025-02-05,Burger Point,Sandwich,12,272,3264
2025-02-06,Burger Point,Burger,5,146,730
2025-02-07,Burger Point,Sandwich,5,240,1200
2025-02-08,Burger Point,Pasta,6,217,1302
2025-02-09,Burger Point,Sandwich,9,376,3384
2025-02-10,Burger Point,Burger,2,313,626
2025-02-11,Burger Point,Pasta,12,319,3828
2025-02-12,Burger Point,Sandwich,3,125,375
2025-02-13,Burger Point,Pasta,12,108,1296
2025-02-14,Burger Point,Fries,17,370,6290
2025-02-15,Burger Point,Fries,10,109,1090
2025-02-16,Burger Point,Sandwich,14,220,3080
2025-02-17,Burger Point,Pasta,17,224,3808
2025-02-18,Burger Point,Burger,18,269,4842
2025-02-19,Burger Point,Sandwich,19,171,3249
2025-02-20,Burger Point,Fries,17,251,4267
2025-02-21,Burger Point,Fries,14,307,4298
2025-02-22,Burger Point,Sandwich,9,148,1332
2025-02-23,Burger Point,Pasta,8,253,2024
2025-02-24,Burger Point,Fries,2,392,784
2025-02-25,Burger Point,Pasta,13,167,2171
2025-02-26,Burger Point,Fries,7,149,1043
2025-02-27,Burger Point,Fries,9,251,2259
2025-02-28,Burger Point,Pizza,11,118,1298
2025-03-01,Burger Point,Fries,14,199,2786
2025-03-02,Burger Point,Burger,4,159,636
2025-03-03,Burger Point,Sandwich,13,266,3458
2025-03-04,Burger Point,Sandwich,2,301,602
2025-03-05,Burger Point,Pasta,5,245,1225
2025-03-06,Burger Point,Fries,11,263,2893
2025-03-07,Burger Point,Burger,6,341,2046
2025-03-08,Burger Point,Pasta,18,168,3024
2025-03-09,Burger Point,Pizza,10,274,2740
2025-03-10,Burger Point,Pasta,4,148,592
2025-03-11,Burger Point,Pasta,9,207,1863
2025-03-12,Burger Point,Fries,6,325,1950
2025-03-13,Burger Point,Pizza,2,260,520
2025-03-14,Burger Point,Pasta,17,218,3706
2025-03-15,Burger Point,Burger,5,248,1240
2025-03-16,Burger Point,Burger,6,249,1494
2025-03-17,Burger Point,Sandwich,12,392,4704
2025-03-18,Burger Point,Pizza,10,242,2420
2025-03-19,Burger Point,Pizza,6,259,1554
2025-03-20,Burger Point,Sandwich,8,110,880
2025-03-21,Burger Point,Pasta,2,237,474
2025-03-22,Burger Point,Pizza,12,177,2124
2025-03-23,Burger Point,Burger,13,176,2288
2025-03-24,Burger Point,Burger,7,353,2471
2025-03-25,Burger Point,Fries,10,357,3570
2025-03-26,Burger Point,Pizza,13,390,5070
2025-03-27,Burger Point,Pasta,17,362,6154
2025-03-28,Burger Point,Sandwich,14,184,2576
2025-03-29,Burger Point,Sandwich,2,245,490
2025-03-30,Burger Point,Pasta,11,141,1551
2025-03-31,Burger Point,Fries,1,224,224
2025-04-01,Burger Point,Sandwich,19,266,5054
2025-04-02,Burger Point,Pizza,4,340,1360
2025-04-03,Burger Point,Fries,19,379,7201
2025-04-04,Burger Point,Pizza,11,287,3157
2025-04-05,Burger Point,Burger,8,118,944
2025-04-06,Burger Point,Fries,11,167,1837
2025-04-07,Burger Point,Sandwich,4,317,1268
2025-04-08,Burger Point,Fries,17,201,3417
2025-04-09,Burger Point,Fries,7,141,987
2025-04-10,Burger Point,Fries,8,387,3096
2025-04-11,Burger Point,Fries,3,266,798
2025-04-12,Burger Point,Pizza,2,208,416
2025-04-13,Burger Point,Burger,15,135,2025
2025-04-14,Burger Point,Pasta,5,331,1655
2025-04-15,Burger Point,Fries,1,328,328
2025-04-16,Burger Point,Sandwich,4,263,1052
2025-04-17,Burger Point,Fries,15,172,2580
2025-04-18,Burger Point,Sandwich,19,235,4465
2025-04-19,Burger Point,Pizza,3,169,507
2025-04-20,Burger Point,Sandwich,11,295,3245
2025-04-21,Burger Point,Pasta,17,368,6256
2025-04-22,Burger Point,Burger,13,148,1924
2025-04-23,Burger Point,Sandwich,11,229,2519
2025-04-24,Burger Point,Sandwich,2,104,208
2025-04-25,Burger Point,Burger,9,126,1134
2025-04-26,Burger Point,Pasta,2,259,518
2025-04-27,Burger Point,Fries,9,248,2232
2025-04-28,Burger Point,Sandwich,9,363,3267
2025-04-29,Burger Point,Burger,8,329,2632
2025-04-30,Burger Point,Pizza,17,299,5083
2025-05-01,Burger Point,Burger,1,149,149
2025-05-02,Burger Point,Pizza,11,166,1826
2025-05-03,Burger Point,Pasta,8,399,3192
2025-05-04,Burger Point,Fries,10,157,1570
2025-05-05,Burger Point,Burger,7,358,2506
2025-05-06,Burger Point,Sandwich,3,229,687
2025-05-07,Burger Point,Pasta,3,314,942
2025-05-08,Burger Point,Burger,18,271,4878
2025-05-09,Burger Point,Sandwich,5,357,1785
2025-05-10,Burger Point,Burger,12,201,2412
2025-05-11,Burger Point,Pizza,12,308,3696
2025-05-12,Burger Point,Burger,19,390,7410
2025-05-13,Burger Point,Burger,6,385,2310
2025-05-14,Burger Point,Burger,2,215,430
2025-05-15,Burger Point,Pasta,12,363,4356
2025-05-16,Burger Point,Burger,19,249,4731
2025-05-17,Burger Point,Sandwich,5,399,1995
2025-05-18,Burger Point,Pizza,12,135,1620
2025-05-19,Burger Point,Pizza,17,386,6562
2025-05-20,Burger Point,Burger,17,307,5219
2025-05-21,Burger Point,Pasta,10,205,2050
2025-05-22,Burger Point,Pasta,17,257,4369
2025-05-23,Burger Point,Sandwich,15,220,3300
2025-05-24,Burger Point,Burger,12,154,1848
2025-05-25,Burger Point,Pizza,16,111,1776
2025-05-26,Burger Point,Pasta,19,244,4636
2025-05-27,Burger Point,Burger,8,235,1880
2025-05-28,Burger Point,Pasta,17,102,1734
2025-05-29,Burger Point,Pasta,5,243,1215
2025-05-30,Burger Point,Pizza,16,129,2064
2025-05-31,Burger Point,Fries,6,336,2016
2025-06-01,Burger Point,Sandwich,8,378,3024
2025-06-02,Burger Point,Sandwich,18,214,3852
2025-06-03,Burger Point,Pizza,12,203,2436
2025-06-04,Burger Point,Pasta,15,217,3255
2025-06-05,Burger Point,Burger,9,104,936
2025-06-06,Burger Point,Pasta,13,347,4511
2025-06-07,Burger Point,Pizza,15,220,3300
2025-06-08,Burger Point,Sandwich,10,385,3850
2025-06-09,Burger Point,Pasta,16,248,3968
2025-06-10,Burger Point,Sandwich,7,183,1281
2025-06-11,Burger Point,Burger,17,330,5610
2025-06-12,Burger Point,Sandwich,7,387,2709
2025-06-13,Burger Point,Sandwich,14,260,3640
2025-06-14,Burger Point,Fries,15,371,5565
2025-06-15,Burger Point,Fries,7,137,959
2025-06-16,Burger Point,Fries,9,325,2925
2025-06-17,Burger Point,Sandwich,19,241,4579
2025-06-18,Burger Point,Pizza,16,391,6256
2025-06-19,Burger Point,Sandwich,8,250,2000
2025-06-20,Burger Point,Pizza,18,213,3834
2025-06-21,Burger Point,Pizza,18,336,6048
2025-06-22,Burger Point,Fries,7,165,1155
2025-06-23,Burger Point,Pasta,3,357,1071
2025-06-24,Burger Point,Burger,18,348,6264
2025-06-25,Burger Point,Fries,10,279,2790
2025-06-26,Burger Point,Fries,7,289,2023
2025-06-27,Burger Point,Pasta,17,253,4301
2025-06-28,Burger Point,Burger,14,295,4130
2025-06-29,Burger Point,Sandwich,3,361,1083
2025-06-30,Burger Point,Sandwich,12,242,2904
2025-07-01,Burger Point,Fries,13,200,2600
2025-07-02,Burger Point,Burger,2,343,686
2025-07-03,Burger Point,Fries,3,111,333
2025-07-04,Burger Point,Pizza,5,338,1690
2025-07-05,Burger Point,Fries,11,148,1628
2025-07-06,Burger Point,Fries,8,141,1128
2025-07-07,Burger Point,Sandwich,12,265,3180
2025-07-08,Burger Point,Sandwich,7,181,1267
2025-07-09,Burger Point,Sandwich,15,390,5850
2025-07-10,Burger Point,Pizza,17,257,4369
2025-07-11,Burger Point,Sandwich,4,315,1260
2025-07-12,Burger Point,Burger,13,257,3341
2025-07-13,Burger Point,Pasta,18,233,4194
2025-07-14,Burger Point,Burger,1,166,166
2025-07-15,Burger Point,Burger,16,106,1696
2025-07-16,Burger Point,Sandwich,13,113,1469
2025-07-17,Burger Point,Pasta,10,172,1720
2025-07-18,Burger Point,Pasta,12,262,3144
2025-07-19,Burger Point,Pasta,2,165,330
2025-07-20,Burger Point,Pizza,3,229,687
2025-07-21,Burger Point,Sandwich,10,305,3050
2025-07-22,Burger Point,Pasta,2,375,750
2025-07-23,Burger Point,Pizza,13,355,4615
2025-07-24,Burger Point,Fries,13,365,4745
2025-07-25,Burger Point,Fries,18,124,2232
2025-07-26,Burger Point,Pizza,3,380,1140
2025-07-27,Burger Point,Pizza,7,352,2464
2025-07-28,Burger Point,Sandwich,14,388,5432
2025-07-29,Burger Point,Sandwich,17,263,4471
2025-07-30,Burger Point,Fries,12,194,2328
2025-07-31,Burger Point,Pasta,16,369,5904
2025-08-01,Burger Point,Fries,12,209,2508
2025-08-02,Burger Point,Pasta,15,337,5055
2025-08-03,Burger Point,Pasta,10,124,1240
2025-08-04,Burger Point,Sandwich,7,240,1680
2025-08-05,Burger Point,Burger,5,216,1080
2025-08-06,Burger Point,Burger,1,124,124
2025-08-07,Burger Point,Pizza,17,178,3026
2025-08-08,Burger Point,Sandwich,3,167,501
2025-08-09,Burger Point,Pasta,13,272,3536
2025-08-10,Burger Point,Burger,14,111,1554
2025-08-11,Burger Point,Pasta,18,387,6966
2025-08-12,Burger Point,Burger,4,227,908
2025-08-13,Burger Point,Burger,18,195,3510
2025-08-14,Burger Point,Burger,5,191,955
2025-08-15,Burger Point,Sandwich,16,240,3840
2025-08-16,Burger Point,Fries,1,130,130
2025-08-17,Burger Point,Pasta,14,119,1666
2025-08-18,Burger Point,Sandwich,15,245,3675
2025-08-19,Burger Point,Sandwich,9,259,2331
2025-08-20,Burger Point,Sandwich,15,142,2130
2025-08-21,Burger Point,Sandwich,17,353,6001
2025-08-22,Burger Point,Sandwich,4,229,916
2025-08-23,Burger Point,Pizza,12,159,1908
2025-08-24,Burger Point,Pasta,5,250,1250
2025-08-25,Burger Point,Sandwich,5,386,1930
2025-08-26,Burger Point,Pasta,11,104,1144
2025-08-27,Burger Point,Pizza,6,365,2190
2025-08-28,Burger Point,Pizza,7,229,1603
2025-08-29,Burger Point,Pasta,14,366,5124
2025-08-30,Burger Point,Burger,11,277,3047
2025-08-31,Burger Point,Fries,13,352,4576
2025-09-01,Burger Point,Burger,2,155,310
2025-09-02,Burger Point,Burger,7,182,1274
2025-09-03,Burger Point,Burger,4,198,792
2025-09-04,Burger Point,Sandwich,8,248,1984
2025-09-05,Burger Point,Pizza,19,255,4845
2025-09-06,Burger Point,Burger,13,289,3757
2025-09-07,Burger Point,Pizza,14,362,5068
2025-09-08,Burger Point,Pasta,10,179,1790
2025-09-09,Burger Point,Fries,11,351,3861
2025-09-10,Burger Point,Pasta,2,196,392
2025-09-11,Burger Point,Pasta,9,359,3231
2025-09-12,Burger Point,Sandwich,17,359,6103
2025-09-13,Burger Point,Fries,3,202,606
2025-09-14,Burger Point,Pasta,6,139,834
2025-09-15,Burger Point,Pasta,5,372,1860
2025-09-16,Burger Point,Fries,5,200,1000
2025-09-17,Burger Point,Fries,15,320,4800
2025-09-18,Burger Point,Pasta,17,223,3791
2025-09-19,Burger Point,Fries,9,330,2970
2025-09-20,Burger Point,Pasta,3,277,831
2025-09-21,Burger Point,Pasta,17,162,2754
2025-09-22,Burger Point,Sandwich,10,215,2150
2025-09-23,Burger Point,Burger,3,290,870
2025-09-24,Burger Point,Pasta,18,161,2898
2025-09-25,Burger Point,Pizza,18,355,6390
2025-09-26,Burger Point,Burger,17,106,1802
2025-09-27,Burger Point,Burger,3,254,762
2025-09-28,Burger Point,Burger,3,191,573
2025-09-29,Burger Point,Sandwich,6,113,678
2025-09-30,Burger Point,Pasta,13,328,4264
2025-10-01,Burger Point,Sandwich,15,185,2775
2025-10-02,Burger Point,Pasta,9,232,2088
2025-10-03,Burger Point,Sandwich,4,282,1128
2025-10-04,Burger Point,Sandwich,14,161,2254
2025-10-05,Burger Point,Pizza,5,318,1590
2025-10-06,Burger Point,Sandwich,2,345,690
2025-10-07,Burger Point,Fries,11,329,3619
2025-10-08,Burger Point,Pizza,9,178,1602
2025-10-09,Burger Point,Sandwich,3,248,744
2025-10-10,Burger Point,Burger,9,237,2133
2025-10-11,Burger Point,Fries,3,164,492
2025-10-12,Burger Point,Fries,2,112,224
2025-10-13,Burger Point,Fries,12,312,3744
2025-10-14,Burger Point,Pizza,10,341,3410
2025-10-15,Burger Point,Sandwich,9,312,2808
2025-10-16,Burger Point,Sandwich,15,280,4200
2025-10-17,Burger Point,Burger,8,272,2176
2025-10-18,Burger Point,Burger,5,259,1295
2025-10-19,Burger Point,Fries,11,263,2893
2025-10-20,Burger Point,Burger,2,287,574
2025-10-21,Burger Point,Pizza,15,290,4350
2025-10-22,Burger Point,Sandwich,6,355,2130
2025-10-23,Burger Point,Fries,8,282,2256
2025-10-24,Burger Point,Burger,5,216,1080
2025-10-25,Burger Point,Pizza,16,381,6096
2025-10-26,Burger Point,Pizza,18,295,5310
2025-10-27,Burger Point,Burger,6,133,798
2025-10-28,Burger Point,Sandwich,5,151,755
2025-10-29,Burger Point,Burger,16,211,3376
2025-10-30,Burger Point,Fries,13,351,4563
2025-10-31,Burger Point,Burger,5,181,905
2025-11-01,Burger Point,Pizza,13,331,4303
2025-11-02,Burger Point,Burger,17,326,5542
2025-11-03,Burger Point,Sandwich,18,332,5976
2025-11-04,Burger Point,Pasta,8,320,2560
2025-11-05,Burger Point,Burger,13,141,1833
2025-11-06,Burger Point,Sandwich,19,120,2280
2025-11-07,Burger Point,Sandwich,3,141,423
2025-11-08,Burger Point,Pizza,8,212,1696
2025-11-09,Burger Point,Sandwich,2,204,408
2025-11-10,Burger Point,Sandwich,8,291,2328
2025-11-11,Burger Point,Sandwich,13,116,1508
2025-11-12,Burger Point,Sandwich,13,219,2847
2025-11-13,Burger Point,Fries,1,228,228
2025-11-14,Burger Point,Fries,6,229,1374
2025-11-15,Burger Point,Pizza,19,159,3021
2025-11-16,Burger Point,Burger,16,147,2352
2025-11-17,Burger Point,Sandwich,8,128,1024
2025-11-18,Burger Point,Burger,1,196,196
2025-11-19,Burger Point,Burger,16,109,1744
2025-11-20,Burger Point,Pizza,9,341,3069
2025-11-21,Burger Point,Sandwich,13,331,4303
2025-11-22,Burger Point,Sandwich,11,376,4136
2025-11-23,Burger Point,Pasta,13,383,4979
2025-11-24,Burger Point,Burger,10,302,3020
2025-11-25,Burger Point,Burger,4,346,1384
2025-11-26,Burger Point,Fries,6,389,2334
2025-11-27,Burger Point,Pasta,7,363,2541
2025-11-28,Burger Point,Fries,5,313,1565
2025-11-29,Burger Point,Fries,11,299,3289
2025-11-30,Burger Point,Fries,13,178,2314
2025-12-01,Burger Point,Pizza,19,272,5168
2025-12-02,Burger Point,Pizza,10,168,1680
2025-12-03,Burger Point,Fries,10,186,1860
2025-12-04,Burger Point,Pasta,11,200,2200
2025-12-05,Burger Point,Burger,7,107,749
2025-12-06,Burger Point,Pasta,18,299,5382
2025-12-07,Burger Point,Sandwich,4,186,744
2025-12-08,Burger Point,Pizza,2,142,284
2025-12-09,Burger Point,Burger,14,208,2912
2025-12-10,Burger Point,Burger,13,251,3263
2025-12-11,Burger Point,Sandwich,12,116,1392
2025-12-12,Burger Point,Sandwich,7,232,1624
2025-12-13,Burger Point,Fries,2,247,494
2025-12-14,Burger Point,Pizza,13,376,4888
2025-12-15,Burger Point,Pizza,14,331,4634
2025-12-16,Burger Point,Pasta,17,327,5559
2025-12-17,Burger Point,Fries,9,238,2142
2025-12-18,Burger Point,Fries,17,310,5270
2025-12-19,Burger Point,Fries,8,127,1016
2025-12-20,Burger Point,Fries,2,150,300
2025-12-21,Burger Point,Pizza,13,360,4680
2025-12-22,Burger Point,Pizza,3,360,1080
2025-12-23,Burger Point,Fries,16,107,1712
2025-12-24,Burger Point,Pasta,6,237,1422
2025-12-25,Burger Point,Burger,19,137,2603
2025-12-26,Burger Point,Burger,7,210,1470
2025-12-27,Burger Point,Pasta,10,319,3190
2025-12-28,Burger Point,Fries,9,322,2898
2025-12-29,Burger Point,Pizza,2,235,470
2025-12-30,Burger Point,Burger,15,355,5325
2025-12-31,Burger Point,Sandwich,5,148,740
